{
    "loss": [
        0.9147870540618896,
        0.8382818698883057,
        0.7826747894287109,
        0.7274929881095886,
        0.6749194264411926,
        0.6188651919364929,
        0.5713216662406921,
        0.5571603178977966,
        0.5378017425537109,
        0.520889163017273,
        0.5053691267967224,
        0.48577284812927246,
        0.4719994366168976,
        0.4559607207775116,
        0.44225209951400757,
        0.42956992983818054,
        0.412449449300766,
        0.40194934606552124,
        0.38776588439941406,
        0.3814030885696411,
        0.3692895174026489,
        0.35928481817245483,
        0.35998299717903137,
        0.3564740717411041,
        0.35409966111183167,
        0.35101231932640076
    ],
    "accuracy": [
        0.03506007418036461,
        0.038605473935604095,
        0.05121134594082832,
        0.05259011313319206,
        0.06952925026416779,
        0.10045302659273148,
        0.11325585842132568,
        0.1217254251241684,
        0.1345282644033432,
        0.14516445994377136,
        0.15146739780902863,
        0.16072483360767365,
        0.16742169857025146,
        0.1816033124923706,
        0.19598187506198883,
        0.19933031499385834,
        0.2048453837633133,
        0.21193617582321167,
        0.213314950466156,
        0.2141028195619583,
        0.2158755213022232,
        0.22001181542873383,
        0.2184360772371292,
        0.21902698278427124,
        0.21646641194820404,
        0.21784518659114838
    ],
    "val_loss": [
        0.6923462152481079,
        0.7041471600532532,
        0.9058752059936523,
        1.0840293169021606,
        0.9922016859054565,
        0.7625100016593933,
        0.5436561107635498,
        0.4294053316116333,
        0.5312720537185669,
        0.4675832986831665,
        0.3997098505496979,
        0.39961427450180054,
        0.35967034101486206,
        0.4126558303833008,
        0.46330875158309937,
        0.34843960404396057,
        0.4235188663005829,
        0.3972027599811554,
        0.4265000820159912,
        0.4520229995250702,
        0.4450905919075012,
        0.434745192527771,
        0.4266395568847656,
        0.45699283480644226,
        0.4376217722892761,
        0.4245240092277527
    ],
    "val_accuracy": [
        0.019283747300505638,
        0.009641873650252819,
        0.01515151560306549,
        0.011019283905625343,
        0.002754820976406336,
        0.00413223123177886,
        0.020661156624555588,
        0.21212121844291687,
        0.06611569970846176,
        0.27548208832740784,
        0.1818181872367859,
        0.1487603336572647,
        0.1859504133462906,
        0.06887052208185196,
        0.042699724435806274,
        0.3071625232696533,
        0.22865013778209686,
        0.25068870186805725,
        0.16115702688694,
        0.20661157369613647,
        0.25482094287872314,
        0.22314049303531647,
        0.24517905712127686,
        0.24793387949466705,
        0.24931129813194275,
        0.23278236389160156
    ]
}