{
    "loss": [
        0.9283503890037537,
        0.8530510067939758,
        0.7920371890068054,
        0.7362540364265442,
        0.6818480491638184,
        0.6233646273612976,
        0.5837140679359436,
        0.5619900226593018,
        0.5423446893692017,
        0.5269001126289368,
        0.5102767944335938
    ],
    "accuracy": [
        0.036635808646678925,
        0.042544808238744736,
        0.04825684428215027,
        0.05199921131134033,
        0.06125664710998535,
        0.07386251538991928,
        0.09355919063091278,
        0.10045302659273148,
        0.10340752452611923,
        0.12211935967206955,
        0.12192239612340927
    ],
    "val_loss": [
        0.6933259963989258,
        0.8169504404067993,
        1.213266134262085,
        1.2272859811782837,
        1.6601165533065796,
        1.4643603563308716,
        1.132039189338684,
        1.275436282157898,
        1.4729191064834595,
        1.1469731330871582,
        1.2524696588516235
    ],
    "val_accuracy": [
        0.00413223123177886,
        0.00826446246355772,
        0.006887052208185196,
        0.06060606241226196,
        0.05509641766548157,
        0.06749311089515686,
        0.06473828852176666,
        0.06749311089515686,
        0.06749311089515686,
        0.06473828852176666,
        0.07024793326854706
    ]
}