{
    "loss": [
        0.5997117757797241,
        0.271009624004364,
        0.2523416578769684,
        0.24931679666042328,
        0.24555429816246033,
        0.2437138706445694,
        0.2414168268442154,
        0.23989556729793549,
        0.2385278195142746,
        0.23648196458816528,
        0.23506298661231995,
        0.2345402091741562,
        0.23390710353851318,
        0.2323806881904602,
        0.23160311579704285,
        0.22862060368061066,
        0.22681447863578796,
        0.22497668862342834,
        0.22483783960342407,
        0.2236444503068924,
        0.22262807190418243,
        0.22097748517990112,
        0.2215302586555481,
        0.2215845286846161,
        0.22120708227157593,
        0.22129976749420166,
        0.2204234004020691,
        0.21957506239414215,
        0.22089198231697083,
        0.21641039848327637,
        0.21434013545513153,
        0.2114787995815277,
        0.21034984290599823,
        0.20857082307338715,
        0.20675159990787506,
        0.20596106350421906,
        0.20545674860477448,
        0.20354944467544556,
        0.20305845141410828
    ],
    "accuracy": [
        0.147331103682518,
        0.27890485525131226,
        0.2759503722190857,
        0.2826472222805023,
        0.2861926257610321,
        0.29249557852745056,
        0.2889501750469208,
        0.30648019909858704,
        0.31140437722206116,
        0.311995267868042,
        0.3204648494720459,
        0.32420721650123596,
        0.32105574011802673,
        0.32440418004989624,
        0.32263147830963135,
        0.3240102529525757,
        0.34134331345558167,
        0.34311601519584656,
        0.3435099422931671,
        0.33996453881263733,
        0.3504037857055664,
        0.35690367221832275,
        0.3557218909263611,
        0.347843199968338,
        0.35434311628341675,
        0.3521764874458313,
        0.3572976291179657,
        0.351979523897171,
        0.3565097451210022,
        0.3634035885334015,
        0.3728579878807068,
        0.38447901606559753,
        0.3880244195461273,
        0.39393341541290283,
        0.3941303789615631,
        0.4020090699195862,
        0.40161511301994324,
        0.4053574800491333,
        0.410675585269928
    ],
    "val_loss": [
        0.27595555782318115,
        0.2480800896883011,
        0.2441130429506302,
        0.24135921895503998,
        0.24230781197547913,
        0.24099121987819672,
        0.242133229970932,
        0.24254456162452698,
        0.24199579656124115,
        0.24078625440597534,
        0.24503302574157715,
        0.24165543913841248,
        0.2428978532552719,
        0.242331400513649,
        0.24905462563037872,
        0.24472454190254211,
        0.24591422080993652,
        0.24689500033855438,
        0.2468218356370926,
        0.251585990190506,
        0.2495957314968109,
        0.25038620829582214,
        0.25118741393089294,
        0.25028812885284424,
        0.24882246553897858,
        0.25652629137039185,
        0.260051965713501,
        0.2553071081638336,
        0.2587772011756897,
        0.25747817754745483,
        0.2555685043334961,
        0.2581242024898529,
        0.2604169249534607,
        0.25996869802474976,
        0.2630992531776428,
        0.26500120759010315,
        0.26415568590164185,
        0.27042800188064575,
        0.2709149718284607
    ],
    "val_accuracy": [
        0.3333333432674408,
        0.3112947642803192,
        0.2906336188316345,
        0.27961432933807373,
        0.28925618529319763,
        0.27961432933807373,
        0.27823692560195923,
        0.28925618529319763,
        0.2851239740848541,
        0.3002754747867584,
        0.21349862217903137,
        0.26721763610839844,
        0.26859503984451294,
        0.26170799136161804,
        0.22451791167259216,
        0.3099173605442047,
        0.27548208832740784,
        0.3112947642803192,
        0.3112947642803192,
        0.26033058762550354,
        0.3112947642803192,
        0.3140496015548706,
        0.2933884263038635,
        0.28236913681030273,
        0.3195592164993286,
        0.22451791167259216,
        0.25482094287872314,
        0.3236914575099945,
        0.3071625232696533,
        0.3112947642803192,
        0.3071625232696533,
        0.3085399568080902,
        0.3057851195335388,
        0.32231405377388,
        0.3181818127632141,
        0.3016528785228729,
        0.2975206673145294,
        0.3002754747867584,
        0.3181818127632141
    ]
}